term,ngram,rank
candidate profile,2,350
communication skills,2,294
years experience,2,294
desired candidate,2,250
perks benefits,2,168
computer science,2,149
good communication,2,142
problem solving,2,133
hands experience,2,114
team members,2,112
ability work,2,110
experience working,2,110
software development,2,109
experience years,2,106
information technology,2,99
written communication,2,99
required candidate,2,98
work experience,2,97
skills ability,2,91
interpersonal skills,2,90
good knowledge,2,87
internal external,2,85
best practices,2,82
working knowledge,2,82
10 years,2,79
added advantage,2,78
verbal written,2,77
end end,2,76
day day,2,74
good understanding,2,68
benefits perks,2,67
hr team,2,66
minimum years,2,65
job benefits,2,64
balance sheet,2,63
design development,2,63
excellent communication,2,63
written verbal,2,63
skills excellent,2,62
development experience,2,61
cross functional,2,60
project management,2,59
solving skills,2,59
bachelor degree,2,58
customer service,2,58
electrical engineering,2,58
degree computer,2,56
team player,2,56
experience building,2,55
high quality,2,55
strong knowledge,2,55
end users,2,51
ms office,2,51
relevant experience,2,51
skills experience,2,51
software engineering,2,51
working experience,2,49
customer support,2,48
front end,2,48
skills strong,2,48
design develop,2,47
management skills,2,47
pvt ltd,2,47
analytical skills,2,46
fast paced,2,45
skills required,2,45
world class,2,44
policies procedures,2,43
product development,2,43
skills good,2,43
years relevant,2,43
contact hr,2,42
software engineer,2,42
candidate must,2,41
ci cd,2,41
related field,2,41
verbal communication,2,41
well versed,2,41
basic knowledge,2,40
communication skill,2,40
excellent verbal,2,40
experience developing,2,40
full stack,2,40
interested candidates,2,40
continuous improvement,2,39
job responsibilities,2,39
job location,2,38
key responsibilities,2,38
large scale,2,38
oral written,2,38
rotational shifts,2,38
high level,2,37
least years,2,37
prior experience,2,37
accounts payable,2,36
digital marketing,2,36
electrical electronics,2,36
team environment,2,36
attention detail,2,35
deep understanding,2,35
development lifecycle,2,35
excellent written,2,35
object oriented,2,35
strong analytical,2,35
work closely,2,35
cause analysis,2,34
tools like,2,34
data structures,2,33
diploma electrical,2,33
experience managing,2,33
functional teams,2,33
good experience,2,33
information security,2,33
provide technical,2,33
strong understanding,2,33
tally erp,2,33
technical support,2,33
able work,2,32
accounts receivable,2,32
architecture design,2,32
daily basis,2,32
development team,2,32
highly motivated,2,32
perks whatsapp,2,32
process improvements,2,32
web applications,2,32
work independently,2,32
business solutions,2,31
electrical engineer,2,31
month end,2,31
new technologies,2,31
social media,2,31
time management,2,31
communication interpersonal,2,30
design build,2,30
life cycle,2,30
software solutions,2,30
whatsapp cv,2,30
15 years,2,29
class customer,2,29
customer queries,2,29
english hindi,2,29
full time,2,29
general accounting,2,29
income tax,2,29
industry experience,2,29
knowledge experience,2,29
preferred qualifications,2,29
production quality,2,29
voice support,2,29
apply job,2,28
bachelors degree,2,28
business requirements,2,28
continuous integration,2,28
experience java,2,28
learn new,2,28
long term,2,28
software design,2,28
years work,2,28
across multiple,2,27
application development,2,27
business needs,2,27
development teams,2,27
electrical electronic,2,27
engineering team,2,27
freshers experience,2,27
knowledge ms,2,27
master degree,2,27
ms excel,2,27
must good,2,27
sales team,2,27
willing work,2,27
work effectively,2,27
12 years,2,26
ability identify,2,26
also apply,2,26
amazon flipkart,2,26
customer experience,2,26
design patterns,2,26
electrical systems,2,26
electronic equipment,2,26
experience minimum,2,26
experience software,2,26
html css,2,26
mis reports,2,26
must knowledge,2,26
open source,2,26
root cause,2,26
solutions pvt,2,26
sound knowledge,2,26
spring boot,2,26
web services,2,26
automobile industry,2,25
bank reconciliation,2,25
black white,2,25
business development,2,25
customer satisfaction,2,25
good command,2,25
must experience,2,25
node js,2,25
presentation skills,2,25
quality assurance,2,25
resolve customer,2,25
strong experience,2,25
support internal,2,25
timely manner,2,25
white business,2,25
year experience,2,25
10th 12th,2,24
accounting knowledge,2,24
automobile engineer,2,24
cutting edge,2,24
data driven,2,24
experience electrical,2,24
lead team,2,24
petty cash,2,24
programming languages,2,24
project managers,2,24
unit testing,2,24
us healthcare,2,24
weekly monthly,2,24
whatsapp 91,2,24
account management,2,23
accounting functions,2,23
best class,2,23
design implement,2,23
diploma experience,2,23
electrical drawings,2,23
electrical mechanical,2,23
english communication,2,23
ensure timely,2,23
information systems,2,23
need maintain,2,23
please apply,2,23
preventive maintenance,2,23
related work,2,23
sql server,2,23
strong communication,2,23
tech tech,2,23
technical issues,2,23
analytical problem,2,22
co ordinate,2,22
code reviews,2,22
customer requirements,2,22
dear candidate,2,22
design architecture,2,22
hardware software,2,22
key skills,2,22
must able,2,22
post graduate,2,22
profile perks,2,22
qualification tech,2,22
technical knowledge,2,22
technical skills,2,22
72 52,2,21
agile scrum,2,21
business units,2,21
candidate experience,2,21
change management,2,21
design experience,2,21
end closing,2,21
financial statements,2,21
functional area,2,21
ideal candidate,2,21
knowledge accounting,2,21
technical design,2,21
unix linux,2,21
updated resume,2,21
work location,2,21
working closely,2,21
asp net,2,20
cloud based,2,20
database design,2,20
day accounting,2,20
degree diploma,2,20
electrical engineers,2,20
end transaction,2,20
etc good,2,20
experience handling,2,20
experience using,2,20
handle inbound,2,20
hands working,2,20
hindi english,2,20
implement process,2,20
inbound calls,2,20
including limited,2,20
least one,2,20
minimum 10,2,20
product manager,2,20
proven experience,2,20
provide world,2,20
providing voice,2,20
qualification graduate,2,20
required experience,2,20
responsibilities include,2,20
science related,2,20
service end,2,20
skills must,2,20
skills written,2,20
system design,2,20
test cases,2,20
track record,2,20
transaction reports,2,20
web development,2,20
business process,2,19
calls emails,2,19
cloud technologies,2,19
co ordination,2,19
com call,2,19
customer delight,2,19
days working,2,19
design specifications,2,19
different business,2,19
effectively team,2,19
electrical design,2,19
etc experience,2,19
gst tds,2,19
high performance,2,19
java j2ee,2,19
job naukri,2,19
knowledge excel,2,19
maintain accuracy,2,19
monthly basis,2,19
must possess,2,19
next generation,2,19
plus experience,2,19
products services,2,19
refer friends,2,19
science information,2,19
self motivated,2,19
send cv,2,19
skills knowledge,2,19
software engineers,2,19
supply chain,2,19
tech electrical,2,19
willing travel,2,19
year end,2,19
2019 2020,2,18
accuracy reports,2,18
achieve customer,2,18
analysis resolve,2,18
applications using,2,18
back end,2,18
basic understanding,2,18
chats regarding,2,18
courteous personality,2,18
day shift,2,18
delight ability,2,18
development using,2,18
emails chats,2,18
engaged handling,2,18
enterprise different,2,18
environment pleasant,2,18
experience designing,2,18
experience tally,2,18
external end,2,18
external provide,2,18
finalization accounts,2,18
handling calls,2,18
identify opportunity,2,18
immediate joining,2,18
issues end,2,18
job require,2,18
job title,2,18
micro services,2,18
minimum qualifications,2,18
multi tasking,2,18
new products,2,18
operating systems,2,18
opportunity implement,2,18
per requirement,2,18
perform problem,2,18
personality skills,2,18
pleasant professional,2,18
preferred experience,2,18
problem cause,2,18
professional courteous,2,18
profile tech,2,18
programming language,2,18
quality maintenance,2,18
quality standards,2,18
queries achieve,2,18
ready work,2,18
regarding technical,2,18
reports ability,2,18
reports need,2,18
require handle,2,18
sales marketing,2,18
science engineering,2,18
skills providing,2,18
units internal,2,18
user experience,2,18
users job,2,18
users perform,2,18
within team,2,18
work shifts,2,18
ability learn,2,17
ability manage,2,17
borngroup com,2,17
cv whatsapp,2,17
decision making,2,17
depth knowledge,2,17
design implementation,2,17
designing developing,2,17
diploma tech,2,17
educational qualification,2,17
experience least,2,17
experience web,2,17
flexible rotational,2,17
journal entries,2,17
machine learning,2,17
mechanical automobile,2,17
notice period,2,17
payment gst,2,17
please refer,2,17
profile experience,2,17
purpose role,2,17
quality control,2,17
required skills,2,17
roles responsibilities,2,17
science equivalent,2,17
share updated,2,17
solid understanding,2,17
structures algorithms,2,17
team responsible,2,17
technical solutions,2,17
whatsapp resume,2,17
work fast,2,17
work home,2,17
accounting financial,2,16
audit accounting,2,16
bca bba,2,16
call back,2,16
call us,2,16
candidate good,2,16
candidate greeting,2,16
core java,2,16
css javascript,2,16
daily weekly,2,16
develop implement,2,16
electrical equipment,2,16
experience agile,2,16
experience required,2,16
experience yrs,2,16
extensive knowledge,2,16
knowledge electrical,2,16
naukri com,2,16
paced environment,2,16
plant equipment,2,16
preparation mis,2,16
process accounts,2,16
qualification diploma,2,16
qualifications education,2,16
receivable payable,2,16
sc bca,2,16
share resume,2,16
sheet preparation,2,16
software products,2,16
tcp ip,2,16
tds gst,2,16
teaching research,2,16
team member,2,16
third party,2,16
using java,2,16
work team,2,16
working environment,2,16
working tally,2,16
ability communicate,2,15
accounting activities,2,15
accounts manager,2,15
agile development,2,15
automobile company,2,15
business processes,2,15
command english,2,15
communicate effectively,2,15
data analysis,2,15
degree electrical,2,15
design plan,2,15
development implementation,2,15
development testing,2,15
distributed systems,2,15
electrical maintenance,2,15
email id,2,15
engineers design,2,15
entries jvs,2,15
etc strong,2,15
excellent interpersonal,2,15
experience 10,2,15
experience leading,2,15
fluent english,2,15
good analytical,2,15
good team,2,15
gst working,2,15
job role,2,15
jvs books,2,15
knowledge balance,2,15
knowledge pertaining,2,15
number google,2,15
performance management,2,15
pertaining entries,2,15
preparation finalization,2,15
profile good,2,15
quick learner,2,15
react js,2,15
related technologies,2,15
resolve problems,2,15
sales experience,2,15
search number,2,15
self driven,2,15
skill set,2,15
systems software,2,15
technical specifications,2,15
technology trends,2,15
test plans,2,15
would added,2,15
00 pm,2,14
20 years,2,14
52 88,2,14
88 87,2,14
ability handle,2,14
accountant working,2,14
accounting mis,2,14
accounts taxation,2,14
accountsexpereince hands,2,14
advance tax,2,14
agile environment,2,14
bachelor master,2,14
banking accountant,2,14
best practice,2,14
bills checking,2,14
booking documentation,2,14
books accountsexpereince,2,14
candidates must,2,14
cash day,2,14
checking booking,2,14
closing individual,2,14
com com,2,14
communication presentation,2,14
company maintain,2,14
consulting firm,2,14
customer facing,2,14
daily accounts,2,14
development environment,2,14
documentation filing,2,14
duties responsibilities,2,14
electronics instrumentation,2,14
engineering degree,2,14
engineering years,2,14
equipment systems,2,14
equipment viz,2,14
existing new,2,14
experience cloud,2,14
experience experience,2,14
experience large,2,14
filing month,2,14
financial reports,2,14
functional requirements,2,14
good interpersonal,2,14
greeting black,2,14
immediate joiners,2,14
india abroad,2,14
individual accounting,2,14
join us,2,14
key account,2,14
knowledge maintaining,2,14
knowledge software,2,14
location bangalore,2,14
location gurgaon,2,14
maintaining pharmaceutical,2,14
maintenance servics,2,14
management team,2,14
month quarter,2,14
payable tds,2,14
pharmaceutical plant,2,14
preferableany audit,2,14
profile candidate,2,14
project requirements,2,14
prospective clients,2,14
providing support,2,14
qualifications experience,2,14
quarter year,2,14
quarterly returns,2,14
reconciliations banking,2,14
relationship building,2,14
reports reconciliations,2,14
responsibilities responsible,2,14
returns advance,2,14
senior management,2,14
servics knowledge,2,14
solutions work,2,14
tally preferableany,2,14
tax payment,2,14
taxation auditing,2,14
tds working,2,14
technical leadership,2,14
technical requirements,2,14
test electrical,2,14
web application,2,14
web based,2,14
working bills,2,14
working quarterly,2,14
written spoken,2,14
years teaching,2,14
years working,2,14
76 17,2,13
able make,2,13
accounting payable,2,13
accounts incoming,2,13
accounts petty,2,13
assist accounts,2,13
based applications,2,13
basic computer,2,13
build maintain,2,13
calls email,2,13
candidates apply,2,13
careers borngroup,2,13
communications companies,2,13
companies manufacturers,2,13
compliance financial,2,13
concepts new,2,13
day requirement,2,13
design new,2,13
design reviews,2,13
devops tools,2,13
diploma mechanical,2,13
electrical utilities,2,13
electrical work,2,13
employed electrical,2,13
english language,2,13
equipment consulting,2,13
evaluate test,2,13
excellent analytical,2,13
excellent knowledge,2,13
existing software,2,13
experience industry,2,13
experience preferably,2,13
experience skills,2,13
financial policies,2,13
firm electrical,2,13
google call,2,13
incoming payments,2,13
internal stakeholders,2,13
interview process,2,13
job summary,2,13
maintain daily,2,13
male candidates,2,13
manager accounting,2,13
manufacturers electrical,2,13
masters degree,2,13
may include,2,13
mis per,2,13
motivated individual,2,13
multi national,2,13
must worked,2,13
one day,2,13
online marketing,2,13
operations company,2,13
oriented programming,2,13
oversee day,2,13
payable operations,2,13
payments compliance,2,13
perks send,2,13
plan research,2,13
possess good,2,13
primary purpose,2,13
product engineering,2,13
product management,2,13
profile qualification,2,13
registration fees,2,13
requirement assist,2,13
requirement management,2,13
research evaluate,2,13
role oversee,2,13
strong problem,2,13
strong technical,2,13
system architecture,2,13
take ownership,2,13
team ensure,2,13
technical experience,2,13
tools experience,2,13
utilities communications,2,13
vendor management,2,13
work cross,2,13
work pressure,2,13
years hands,2,13
years industry,2,13
10 15,2,12
12th graduation,2,12
ability understand,2,12
academic record,2,12
achieve goals,2,12
across globe,2,12
appear multiple,2,12
bangalore location,2,12
benefits incentive,2,12
bi leading,2,12
business analysts,2,12
business goals,2,12
business inquiry,2,12
cant even,2,12
chats enterprise,2,12
closure data,2,12
company concepts,2,12
computer knowledge,2,12
contact person,2,12
contact rectras,2,12
couple discussions,2,12
data hope,2,12
datascience firm,2,12
decent closure,2,12
degree equivalent,2,12
discussions rectras,2,12
documentation testing,2,12
driven company,2,12
email chats,2,12
even understand,2,12
excellent relationship,2,12
experience appear,2,12
experience data,2,12
experience delivering,2,12
experience must,2,12
find resources,2,12
fulfill infra,2,12
good working,2,12
help contact,2,12
hope fulfill,2,12
increased customer,2,12
indian job,2,12
individual good,2,12
industry automobile,2,12
infra positions,2,12
inquiry online,2,12
international process,2,12
job market,2,12
job requirements,2,12
job type,2,12
knowledge unix,2,12
leadership skills,2,12
leading datascience,2,12
management systems,2,12
manager bi,2,12
mandatory skills,2,12
market recruiters,2,12
microsoft office,2,12
mnc bpo,2,12
multinational companies,2,12
multiple mnc,2,12
new indian,2,12
office submit,2,12
online data,2,12
outsourced couple,2,12
placed candidate,2,12
placement training,2,12
plc scada,2,12
please share,2,12
product owners,2,12
professional lead,2,12
profile must,2,12
provide proper,2,12
qualification experience,2,12
qualifications bachelor,2,12
quires contact,2,12
recruiters cant,2,12
rectras decent,2,12
rectras office,2,12
related issues,2,12
relevant work,2,12
resources outsourced,2,12
sales executive,2,12
scada vfd,2,12
seeking talented,2,12
server side,2,12
solution design,2,12
solving approach,2,12
sr customer,2,12
state art,2,12
strong interpersonal,2,12
strong methodical,2,12
submit business,2,12
tax returns,2,12
team oriented,2,12
understand find,2,12
understanding business,2,12
updated cv,2,12
vfd hmi,2,12
work provide,2,12
work within,2,12
written oral,2,12
experience,1,2396
skills,1,1195
knowledge,1,1097
work,1,1051
team,1,1027
design,1,893
development,1,850
years,1,760
management,1,716
software,1,714
business,1,709
candidate,1,698
good,1,648
electrical,1,638
technical,1,632
working,1,622
customer,1,592
product,1,586
communication,1,553
job,1,537
data,1,532
support,1,524
strong,1,511
sales,1,501
ability,1,500
engineering,1,491
systems,1,488
required,1,462
solutions,1,462
project,1,460
requirements,1,454
understanding,1,446
process,1,438
etc,1,434
ensure,1,430
new,1,419
profile,1,416
must,1,407
company,1,388
technology,1,388
end,1,371
accounting,1,366
information,1,361
quality,1,354
system,1,349
excellent,1,347
teams,1,337
accounts,1,336
role,1,330
like,1,321
responsible,1,321
provide,1,314
related,1,313
projects,1,301
applications,1,300
technologies,1,300
responsibilities,1,297
develop,1,296
time,1,296
services,1,294
desired,1,291
service,1,286
customers,1,285
including,1,284
marketing,1,284
benefits,1,282
candidates,1,282
products,1,281
engineer,1,277
tools,1,274
based,1,273
performance,1,272
maintenance,1,270
architecture,1,269
environment,1,269
security,1,269
using,1,269
testing,1,261
cloud,1,258
degree,1,258
industry,1,257
analysis,1,254
commerce,1,253
level,1,253
computer,1,252
application,1,247
client,1,246
tech,1,246
build,1,245
manage,1,244
reports,1,243
maintain,1,240
code,1,238
perks,1,237
problem,1,237
written,1,237
across,1,235
activities,1,235
standards,1,235
web,1,235
day,1,233
test,1,233
training,1,232
issues,1,230
high,1,225
key,1,225
preferred,1,222
looking,1,219
internal,1,218
various,1,218
location,1,217
manager,1,212
building,1,208
ecommerce,1,208
clients,1,206
per,1,206
able,1,205
java,1,205
minimum,1,205
operations,1,205
delivery,1,204
functional,1,202
well,1,200
hands,1,199
com,1,198
equipment,1,198
10,1,197
best,1,195
research,1,194
apply,1,192
lead,1,192
within,1,191
planning,1,189
processes,1,188
hr,1,187
drive,1,185
automobile,1,184
also,1,183
online,1,183
handling,1,181
implementation,1,181
understand,1,181
financial,1,180
qualification,1,180
managing,1,179
plan,1,179
control,1,178
developing,1,178
one,1,178
identify,1,177
office,1,177
science,1,177
relevant,1,175
production,1,174
implement,1,173
position,1,170
contact,1,168
automation,1,166
preparation,1,166
basic,1,165
platform,1,164
programming,1,164
solution,1,164
salary,1,162
engineers,1,160
call,1,158
multiple,1,158
diploma,1,157
help,1,155
infrastructure,1,152
integration,1,152
documentation,1,151
requirement,1,149
solving,1,149
daily,1,148
english,1,148
plus,1,148
verbal,1,148
analytical,1,146
email,1,146
members,1,146
practices,1,146
leading,1,145
create,1,144
qualifications,1,144
review,1,143
account,1,142
strategy,1,142
prepare,1,141
problems,1,141
expertise,1,140
tasks,1,139
highly,1,138
make,1,138
monthly,1,138
platforms,1,138
organization,1,137
excel,1,136
needs,1,136
audit,1,134
digital,1,134
external,1,134
professional,1,133
us,1,133
field,1,132
tally,1,132
graduate,1,129
need,1,129
take,1,129
agile,1,128
deliver,1,128
network,1,127
sap,1,127
monitoring,1,126
growth,1,125
large,1,125
perform,1,125
please,1,125
components,1,123
database,1,123
india,1,123
complex,1,121
existing,1,121
content,1,120
market,1,120
procedures,1,119
providing,1,119
handle,1,118
enterprise,1,117
full,1,117
interpersonal,1,117
plans,1,117
least,1,116
maintaining,1,116
timely,1,116
vendor,1,116
education,1,115
general,1,115
sql,1,115
skill,1,114
effectively,1,113
payment,1,113
shift,1,113
site,1,113
assist,1,112
documents,1,112
basis,1,111
compliance,1,111
mechanical,1,111
overall,1,111
concepts,1,110
continuous,1,110
leadership,1,110
ms,1,110
interested,1,108
opportunities,1,108
part,1,108
stakeholders,1,108
user,1,108
different,1,107
reporting,1,107
tax,1,107
whatsapp,1,107
line,1,106
order,1,106
resolve,1,106
would,1,106
freshers,1,105
month,1,105
multi,1,105
specifications,1,105
year,1,105
achieve,1,104
advantage,1,104
companies,1,104
core,1,104
opportunity,1,104
power,1,104
class,1,103
ensuring,1,103
shifts,1,103
scale,1,102
details,1,101
domain,1,101
gst,1,101
net,1,101
exposure,1,100
frameworks,1,100
department,1,99
following,1,99
goals,1,99
may,1,99
current,1,98
resume,1,98
designing,1,97
report,1,97
cost,1,96
linux,1,96
python,1,96
use,1,96
cross,1,95
learn,1,95
processing,1,94
relationships,1,94
collaborate,1,93
participate,1,93
reconciliation,1,93
scalable,1,93
willing,1,93
bachelor,1,92
erp,1,92
execution,1,92
hiring,1,92
co,1,91
driven,1,91
executive,1,91
include,1,91
self,1,91
share,1,91
finance,1,90
follow,1,90
meet,1,90
set,1,90
strategic,1,90
users,1,90
bank,1,89
brand,1,89
equivalent,1,89
vehicle,1,89
effective,1,88
get,1,88
expert,1,87
manufacturing,1,87
senior,1,87
improve,1,86
open,1,86
added,1,85
drawings,1,85
framework,1,85
person,1,85
server,1,85
balance,1,84
improvement,1,84
architect,1,83
features,1,83
global,1,83
methodologies,1,83
mobile,1,83
post,1,83
record,1,83
amazon,1,82
cash,1,82
coordinate,1,82
group,1,82
independently,1,82
proven,1,82
queries,1,82
cv,1,81
individual,1,81
javascript,1,81
selection,1,81
sheet,1,81
spring,1,81
areas,1,80
calls,1,80
complete,1,80
mis,1,80
oriented,1,80
payments,1,80
tds,1,80
world,1,80
assigned,1,79
bangalore,1,79
closely,1,79
creating,1,79
execute,1,79
head,1,79
international,1,79
monitor,1,79
programs,1,79
results,1,79
staff,1,79
change,1,78
communicate,1,78
necessary,1,78
reviews,1,78
value,1,78
works,1,78
deployment,1,77
detail,1,77
fresher,1,77
initiatives,1,77
mba,1,77
people,1,77
policies,1,77
unit,1,77
appropriate,1,76
define,1,76
inventory,1,76
regular,1,76
stack,1,76
developer,1,75
functions,1,75
potential,1,75
proficient,1,75
deep,1,74
partners,1,74
preparing,1,74
revenue,1,74
specific,1,74
writing,1,74
electronics,1,73
fast,1,73
schedule,1,73
strategies,1,73
area,1,72
implementing,1,72
website,1,72
15,1,71
analytics,1,71
experienced,1,71
improvements,1,71
installation,1,71
managers,1,71
troubleshooting,1,71
voice,1,71
api,1,70
js,1,70
parts,1,70
payable,1,70
track,1,70
background,1,69
interview,1,69
learning,1,69
operation,1,69
plant,1,69
days,1,68
hardware,1,68
languages,1,68
manner,1,68
needed,1,68
standard,1,68
travel,1,68
aws,1,67
impact,1,67
motivated,1,67
operational,1,67
resources,1,67
academic,1,66
coordination,1,66
delivering,1,66
entries,1,66
flexible,1,66
join,1,66
leads,1,66
program,1,66
solid,1,66
changes,1,65
employees,1,65
exp,1,65
invoices,1,65
media,1,65
operating,1,65
rest,1,65
trends,1,65
category,1,64
panel,1,64
returns,1,64
rotational,1,64
successful,1,64
12,1,63
advanced,1,63
language,1,63
lifecycle,1,63
pm,1,63
source,1,63
along,1,62
analyzing,1,62
approach,1,62
capabilities,1,62
corporate,1,62
detailed,1,62
free,1,62
guidance,1,62
objectives,1,62
prior,1,62
teaching,1,62
communications,1,61
completion,1,61
immediate,1,61
master,1,61
months,1,61
right,1,61
social,1,61
write,1,61
contribute,1,60
layout,1,60
mandatory,1,60
microservices,1,60
networking,1,60
react,1,60
responsibility,1,60
students,1,60
analyze,1,59
associate,1,59
available,1,59
collaboration,1,59
designs,1,59
familiarity,1,59
mentor,1,59
others,1,59
sound,1,59
supporting,1,59
weekly,1,59
accuracy,1,58
back,1,58
creative,1,58
direct,1,58
ltd,1,58
making,1,58
metrics,1,58
personal,1,58
player,1,58
principles,1,58
career,1,57
critical,1,57
css,1,57
evaluate,1,57
focus,1,57
ideas,1,57
insurance,1,57
methods,1,57
records,1,57
statements,1,57
vision,1,57
check,1,56
devops,1,56
document,1,56
future,1,56
innovative,1,56
plc,1,56
presentation,1,56
progress,1,56
91,1,55
coding,1,55
decisions,1,55
demonstrate,1,55
generation,1,55
innovation,1,55
levels,1,55
limited,1,55
local,1,55
oral,1,55
partner,1,55
search,1,55
similar,1,55
techniques,1,55
update,1,55
yrs,1,55
electronic,1,54
given,1,54
identifying,1,54
marketplaces,1,54
oracle,1,54
proper,1,54
ready,1,54
resolution,1,54
talent,1,54
worked,1,54
azure,1,53
banking,1,53
commercial,1,53
cycle,1,53
feedback,1,53
first,1,53
google,1,53
know,1,53
next,1,53
pvt,1,53
reconciliations,1,53
release,1,53
cable,1,52
campaigns,1,52
conduct,1,52
construction,1,52
controls,1,52
front,1,52
latest,1,52
organizational,1,52
relationship,1,52
statutory,1,52
updated,1,52
vendors,1,52
aspects,1,51
attention,1,51
bpo,1,51
ca,1,51
chennai,1,51
every,1,51
flipkart,1,51
maintains,1,51
material,1,51
ui,1,51
bonus,1,50
cad,1,50
cause,1,50
demonstrated,1,50
life,1,50
model,1,50
oversee,1,50
possess,1,50
preferably,1,50
summary,1,50
targets,1,50
app,1,49
bachelors,1,49
delhi,1,49
efficient,1,49
entire,1,49
filing,1,49
html,1,49
id,1,49
increase,1,49
mumbai,1,49
databases,1,48
educational,1,48
efficiency,1,48
scope,1,48
send,1,48
sizing,1,48
target,1,48
tracking,1,48
used,1,48
access,1,47
action,1,47
angular,1,47
availability,1,47
channels,1,47
checking,1,47
component,1,47
developers,1,47
expected,1,47
guidelines,1,47
mail,1,47
models,1,47
patterns,1,47
performing,1,47
quarterly,1,47
risk,1,47
safety,1,47
scripting,1,47
university,1,47
acquisition,1,46
books,1,46
budget,1,46
commissioning,1,46
debugging,1,46
environments,1,46
essential,1,46
offer,1,46
provides,1,46
regarding,1,46
require,1,46
retail,1,46
selling,1,46
shall,1,46
tests,1,46
thinking,1,46
according,1,45
accurate,1,45
additional,1,45
automated,1,45
clear,1,45
configuration,1,45
desirable,1,45
driving,1,45
duties,1,45
major,1,45
microsoft,1,45
paced,1,45
range,1,45
supply,1,45
top,1,45
apis,1,44
attitude,1,44
budgets,1,44
calculation,1,44
channel,1,44
employment,1,44
firm,1,44
hindi,1,44
insights,1,44
machine,1,44
machines,1,44
modules,1,44
panels,1,44
passion,1,44
presentations,1,44
risks,1,44
sector,1,44
terms,1,44
unix,1,44
windows,1,44
20,1,43
accountant,1,43
around,1,43
audits,1,43
big,1,43
cd,1,43
ci,1,43
ctc,1,43
date,1,43
deliverables,1,43
departments,1,43
distributed,1,43
extensive,1,43
hours,1,43
kubernetes,1,43
load,1,43
non,1,43
period,1,43
receivable,1,43
return,1,43
road,1,43
stock,1,43
wiring,1,43
act,1,42
address,1,42
depth,1,42
docker,1,42
find,1,42
growing,1,42
gurgaon,1,42
instrumentation,1,42
keep,1,42
meeting,1,42
practice,1,42
storage,1,42
sub,1,42
tier,1,42
wheeler,1,42
industrial,1,41
joining,1,41
marketplace,1,41
object,1,41
purpose,1,41
scrum,1,41
seeking,1,41
sr,1,41
structure,1,41
taxation,1,41
versed,1,41
administration,1,40
creation,1,40
criteria,1,40
culture,1,40
graduates,1,40
health,1,40
inter,1,40
locations,1,40
male,1,40
mca,1,40
purchase,1,40
taking,1,40
talented,1,40
architectures,1,39
backend,1,39
cases,1,39
healthcare,1,39
income,1,39
networks,1,39
number,1,39
optimization,1,39
recommendations,1,39
requests,1,39
roles,1,39
someone,1,39
state,1,39
status,1,39
supervision,1,39
white,1,39
actively,1,38
architectural,1,38
assess,1,38
automotive,1,38
base,1,38
collaborative,1,38
consulting,1,38
dynamic,1,38
enable,1,38
establish,1,38
establishing,1,38
experiences,1,38
graduation,1,38
influence,1,38
materials,1,38
meetings,1,38
optimize,1,38
ownership,1,38
placement,1,38
pressure,1,38
provided,1,38
pune,1,38
respective,1,38
specification,1,38
subject,1,38
success,1,38
type,1,38
way,1,38
11,1,37
2020,1,37
engagement,1,37
git,1,37
great,1,37
home,1,37
positive,1,37
requires,1,37
solve,1,37
towards,1,37
transaction,1,37
walk,1,37
000,1,36
bills,1,36
blackwhite,1,36
command,1,36
coordinating,1,36
distribution,1,36
evaluation,1,36
interact,1,36
interface,1,36
listing,1,36
payroll,1,36
primary,1,36
rectras,1,36
respond,1,36
urgent,1,36
via,1,36
websites,1,36
without,1,36
autocad,1,35
awareness,1,35
capital,1,35
center,1,35
employee,1,35
expectations,1,35
inbound,1,35
orders,1,35
proactive,1,35
real,1,35
satisfaction,1,35
serve,1,35
structures,1,35
term,1,35
tool,1,35
trade,1,35
60,1,34
agreed,1,34
card,1,34
changing,1,34
close,1,34
closing,1,34
concept,1,34
consumer,1,34
description,1,34
floor,1,34
includes,1,34
interfaces,1,34
iso,1,34
leader,1,34
long,1,34
micro,1,34
package,1,34
proficiency,1,34
root,1,34
setting,1,34
sites,1,34
youll,1,34
00,1,33
activity,1,33
brands,1,33
capable,1,33
collaborating,1,33
dear,1,33
decision,1,33
facilitate,1,33
focused,1,33
go,1,33
ideal,1,33
involved,1,33
ip,1,33
legal,1,33
party,1,33
passionate,1,33
positions,1,33
qa,1,33
reach,1,33
resource,1,33
throughout,1,33
troubleshoot,1,33
two,1,33
vehicles,1,33
auto,1,32
better,1,32
care,1,32
certified,1,32
comfortable,1,32
cs,1,32
defect,1,32
directly,1,32
emails,1,32
embedded,1,32
guide,1,32
harness,1,32
incentive,1,32
jobs,1,32
junior,1,32
member,1,32
mnc,1,32
module,1,32
present,1,32
pricing,1,32
recruitment,1,32
reliability,1,32
reviewing,1,32
sc,1,32
sell,1,32
seo,1,32
walmart,1,32
wide,1,32
advance,1,31
annual,1,31
applicable,1,31
assurance,1,31
certification,1,31
closure,1,31
college,1,31
competencies,1,31
competitive,1,31
direction,1,31
discipline,1,31
either,1,31
expenses,1,31
facing,1,31
flow,1,31
groups,1,31
invoice,1,31
keeping,1,31
letter,1,31
listings,1,31
node,1,31
offers,1,31
participation,1,31
protection,1,31
schedules,1,31
servers,1,31
telecom,1,31
accordance,1,30
actions,1,30
black,1,30
case,1,30
chats,1,30
community,1,30
completed,1,30
deploy,1,30
deploying,1,30
determine,1,30
discussions,1,30
edge,1,30
executing,1,30
incentives,1,30
integrated,1,30
internet,1,30
masters,1,30
native,1,30
principal,1,30
produce,1,30
quickly,1,30
scalability,1,30
submit,1,30
thorough,1,30
train,1,30
updating,1,30
verification,1,30
algorithms,1,29
boot,1,29
careers,1,29
challenges,1,29
conducting,1,29
costs,1,29
discuss,1,29
diverse,1,29
efforts,1,29
engage,1,29
finalization,1,29
frontend,1,29
function,1,29
grow,1,29
indian,1,29
options,1,29
paid,1,29
ph,1,29
point,1,29
preventive,1,29
routing,1,29
rs,1,29
skilled,1,29
store,1,29
student,1,29
72,1,28
approved,1,28
assessment,1,28
assisting,1,28
auditing,1,28
carry,1,28
certifications,1,28
chain,1,28
db,1,28
deal,1,28
develops,1,28
director,1,28
enhance,1,28
ensures,1,28
evaluating,1,28
excellence,1,28
mentoring,1,28
mission,1,28
national,1,28
personality,1,28
policy,1,28
quick,1,28
regards,1,28
robust,1,28
study,1,28
validation,1,28
13,1,27
commitment,1,27
custom,1,27
debug,1,27
defining,1,27
devices,1,27
dg,1,27
diagram,1,27
disciplines,1,27
done,1,27
entry,1,27
generate,1,27
industries,1,27
integrity,1,27
kindly,1,27
openings,1,27
packages,1,27
points,1,27
previous,1,27
professionals,1,27
publications,1,27
read,1,27
retention,1,27
ups,1,27
volume,1,27
12th,1,26
16,1,26
2019,1,26
active,1,26
assets,1,26
booking,1,26
circuit,1,26
codes,1,26
come,1,26
complaints,1,26
contracts,1,26
correct,1,26
energy,1,26
fixed,1,26
higher,1,26
hire,1,26
implementations,1,26
individuals,1,26
input,1,26
j2ee,1,26
kpis,1,26
learner,1,26
list,1,26
low,1,26
methodology,1,26
mind,1,26
opening,1,26
phone,1,26
possible,1,26
practical,1,26
priorities,1,26
qualified,1,26
recommending,1,26
secure,1,26
significant,1,26
spoken,1,26
transformation,1,26
2017,1,25
30,1,25
76,1,25
add,1,25
bring,1,25
conversion,1,25
deadlines,1,25
diagrams,1,25
engaged,1,25
event,1,25
exceptional,1,25
file,1,25
hmi,1,25
hyderabad,1,25
jenkins,1,25
leveraging,1,25
manual,1,25
mvc,1,25
nosql,1,25
outstanding,1,25
personnel,1,25
portal,1,25
pre,1,25
prioritize,1,25
prospective,1,25
protocols,1,25
regulations,1,25
sdlc,1,25
smooth,1,25
statement,1,25
studies,1,25
timelines,1,25
units,1,25
utilities,1,25
word,1,25
10th,1,24
abilities,1,24
ad,1,24
adherence,1,24
age,1,24
asp,1,24
associated,1,24
bi,1,24
billing,1,24
capability,1,24
capacity,1,24
cars,1,24
colleagues,1,24
considered,1,24
continuously,1,24
cutting,1,24
dealership,1,24
designation,1,24
due,1,24
eligibility,1,24
even,1,24
events,1,24
lighting,1,24
map,1,24
mindset,1,24
notice,1,24
orientation,1,24
pass,1,24
petty,1,24
portals,1,24
portfolio,1,24
professor,1,24
questions,1,24
seller,1,24
sheets,1,24
shop,1,24
short,1,24
small,1,24
suggest,1,24
task,1,24
technicians,1,24
timing,1,24
title,1,24
transactions,1,24
variety,1,24
willingness,1,24
14,1,23
adapt,1,23
bba,1,23
civil,1,23
collection,1,23
contract,1,23
contributing,1,23
defined,1,23
definition,1,23
engaging,1,23
engine,1,23
estimation,1,23
getting,1,23
governance,1,23
inspection,1,23
leaders,1,23
naukri,1,23
negotiation,1,23
phd,1,23
php,1,23
physical,1,23
plants,1,23
preferable,1,23
proposals,1,23
refer,1,23
regularly,1,23
resolving,1,23
roi,1,23
soft,1,23
sources,1,23
sourcing,1,23
start,1,23
suppliers,1,23
total,1,23
uk,1,23
wise,1,23
yearly,1,23
achieving,1,22
administrative,1,22
apache,1,22
apps,1,22
automate,1,22
aware,1,22
bca,1,22
bookkeeping,1,22
break,1,22
calculations,1,22
car,1,22
consultant,1,22
credit,1,22
dealer,1,22
demand,1,22
developed,1,22
domestic,1,22
drives,1,22
energetic,1,22
functionality,1,22
fundamentals,1,22
hard,1,22
improving,1,22
inside,1,22
landscape,1,22
met,1,22
modern,1,22
ordinate,1,22
os,1,22
parameters,1,22
preference,1,22
promotion,1,22
query,1,22
rapidly,1,22
repair,1,22
safe,1,22
scada,1,22
stage,1,22
stay,1,22
supervise,1,22
traffic,1,22
transformers,1,22
travelling,1,22
ug,1,22
updates,1,22
vfd,1,22
video,1,22
virtualization,1,22
52,1,21
advertising,1,21
ai,1,21
applying,1,21
approval,1,21
architects,1,21
australian,1,21
believe,1,21
bom,1,21
box,1,21
comments,1,21
completing,1,21
concerns,1,21
effectiveness,1,21
enhancements,1,21
escalate,1,21
escalation,1,21
familiar,1,21
feature,1,21
female,1,21
forms,1,21
frame,1,21
hand,1,21
html5,1,21
investment,1,21
iti,1,21
kafka,1,21
live,1,21
love,1,21
lt,1,21
measure,1,21
medical,1,21
memory,1,21
metal,1,21
min,1,21
mining,1,21
ncr,1,21
offices,1,21
outcome,1,21
pan,1,21
peer,1,21
pharma,1,21
placed,1,21
recommend,1,21
region,1,21
regional,1,21
registration,1,21
running,1,21
transport,1,21
unique,1,21
usage,1,21
version,1,21
want,1,21
50,1,20
abroad,1,20
admin,1,20
ajax,1,20
associates,1,20
bill,1,20
branch,1,20
built,1,20
cnc,1,20
computing,1,20
consultants,1,20
courteous,1,20
drawing,1,20
errors,1,20
estimates,1,20
facility,1,20
fit,1,20
fluent,1,20
friends,1,20
greetings,1,20
huge,1,20
interviews,1,20
jd,1,20
ledger,1,20
mysql,1,20
note,1,20
ongoing,1,20
optimized,1,20
outside,1,20
overview,1,20
recovery,1,20
roadmap,1,20
rules,1,20
shell,1,20
side,1,20
sla,1,20
smart,1,20
thanks,1,20
things,1,20
viz,1,20
warehouse,1,20
ways,1,20
www,1,20
2018,1,19
addition,1,19
adoption,1,19
applicants,1,19
architecting,1,19
asset,1,19
attributes,1,19
b2b,1,19
book,1,19
calling,1,19
compiling,1,19
continually,1,19
course,1,19
delight,1,19
division,1,19
enforcing,1,19
facilities,1,19
factory,1,19
fees,1,19
fixes,1,19
food,1,19
forward,1,19
greeting,1,19
identification,1,19
incoming,1,19
infra,1,19
intelligence,1,19
issue,1,19
jquery,1,19
less,1,19
libraries,1,19
logical,1,19
maintainable,1,19
manuals,1,19
mongodb,1,19
ordination,1,19
organized,1,19
pertaining,1,19
pipeline,1,19
pleasant,1,19
promote,1,19
providers,1,19
public,1,19
quires,1,19
regulatory,1,19
reputed,1,19
scheduling,1,19
single,1,19
successfully,1,19
supplier,1,19
switch,1,19
trading,1,19
transfer,1,19
workflows,1,19
xml,1,19
17,1,18
analyst,1,18
appear,1,18
articulate,1,18
banks,1,18
checks,1,18
comprehensive,1,18
computers,1,18
coverage,1,18
defects,1,18
delivered,1,18
designers,1,18
desktop,1,18
earthing,1,18
effort,1,18
established,1,18
feasibility,1,18
follows,1,18
foundation,1,18
functioning,1,18
gathering,1,18
helping,1,18
hospital,1,18
increased,1,18
institute,1,18
integrate,1,18
involve,1,18
ios,1,18
joiners,1,18
journal,1,18
logic,1,18
look,1,18
markets,1,18
organize,1,18
outcomes,1,18
past,1,18
performs,1,18
pharmaceutical,1,18
phases,1,18
price,1,18
productivity,1,18
proof,1,18
propose,1,18
publish,1,18
recording,1,18
reduce,1,18
remote,1,18
respect,1,18
response,1,18
restful,1,18
run,1,18
script,1,18
setup,1,18
startup,1,18
step,1,18
stories,1,18
stream,1,18
suitable,1,18
suite,1,18
tamil,1,18
tasking,1,18
together,1,18
utilization,1,18
visit,1,18
25,1,17
always,1,17
analysts,1,17
android,1,17
ap,1,17
ar,1,17
arrange,1,17
assessments,1,17
board,1,17
borngroup,1,17
breakdown,1,17
broad,1,17
businesses,1,17
clearly,1,17
conditions,1,17
configure,1,17
corrective,1,17
courses,1,17
currently,1,17
decent,1,17
drop,1,17
fixing,1,17
flows,1,17
form,1,17
gain,1,17
government,1,17
ht,1,17
human,1,17
identifies,1,17
increasing,1,17
initiative,1,17
integrating,1,17
interaction,1,17
interest,1,17
jira,1,17
json,1,17
lpa,1,17
merchandising,1,17
minimal,1,17
modifications,1,17
nagar,1,17
night,1,17
operate,1,17
overseeing,1,17
participates,1,17
peers,1,17
profitability,1,17
promotions,1,17
rate,1,17
reliable,1,17
request,1,17
saas,1,17
segment,1,17
sense,1,17
sessions,1,17
specialist,1,17
tcp,1,17
third,1,17
trouble,1,17
tuning,1,17
upto,1,17
values,1,17
virtual,1,17
18,1,16
24,1,16
3d,1,16
9i,1,16
academics,1,16
applied,1,16
assignments,1,16
audience,1,16
b2c,1,16
beyond,1,16
btech,1,16
budgeting,1,16
certificate,1,16
challenging,1,16
clean,1,16
coach,1,16
common,1,16
communicating,1,16
dashboards,1,16
deals,1,16
delivers,1,16
driver,1,16
eee,1,16
emerging,1,16
encourage,1,16
equipments,1,16
esic,1,16
final,1,16
finding,1,16
give,1,16
going,1,16
immediately,1,16
introduction,1,16
link,1,16
magento,1,16
main,1,16
mentioned,1,16
noida,1,16
owners,1,16
penetration,1,16
prospects,1,16
puc,1,16
recognized,1,16
reduction,1,16
researching,1,16
series,1,16
size,1,16
supervisor,1,16
three,1,16
trainee,1,16
unlimited,1,16
workshops,1,16
3rd,1,15
8318931669,1,15
87,1,15
88,1,15
accountable,1,15
advising,1,15
agencies,1,15
agreement,1,15
approaches,1,15
articles,1,15
bar,1,15
bs,1,15
calendar,1,15
catalog,1,15
categories,1,15
collecting,1,15
communicator,1,15
compensation,1,15
creativity,1,15
device,1,15
duration,1,15
employed,1,15
estate,1,15
files,1,15
fmcg,1,15
gender,1,15
images,1,15
inclusive,1,15
inquiry,1,15
interests,1,15
involves,1,15
jvs,1,15
manufacturers,1,15
maximize,1,15
message,1,15
methodical,1,15
norms,1,15
organizations,1,15
owner,1,15
particular,1,15
path,1,15
pipelines,1,15
presenting,1,15
producing,1,15
promotional,1,15
received,1,15
roadmaps,1,15
sale,1,15
salesforce,1,15
sets,1,15
sharing,1,15
snapdeal,1,15
starter,1,15
supplies,1,15
svn,1,15
targeted,1,15
types,1,15
usability,1,15
utilize,1,15
visits,1,15
visual,1,15
15000,1,14
33,1,14
accountability,1,14
accountsexpereince,1,14
align,1,14
aptitude,1,14
art,1,14
become,1,14
benchmarking,1,14
builds,1,14
challenge,1,14
committed,1,14
compliances,1,14
consistently,1,14
deliveries,1,14
desire,1,14
developments,1,14
diagnose,1,14
drafting,1,14
ee,1,14
eligible,1,14
estimate,1,14
evolving,1,14
forecasting,1,14
foster,1,14
fulfill,1,14
gmail,1,14
hope,1,14
iec,1,14
implemented,1,14
incumbent,1,14
institutions,1,14
instruments,1,14
investigate,1,14
items,1,14
launch,1,14
managed,1,14
matter,1,14
mid,1,14
mtech,1,14
nodejs,1,14
offerings,1,14
old,1,14
organizing,1,14
page,1,14
pivot,1,14
place,1,14
preferableany,1,14
proactively,1,14
profit,1,14
quarter,1,14
raise,1,14
rd,1,14
redux,1,14
reported,1,14
resumes,1,14
servics,1,14
sign,1,14
specialization,1,14
stakeholder,1,14
thought,1,14
upgrade,1,14
upon,1,14
usa,1,14
ux,1,14
validate,1,14
vat,1,14
venue,1,14
achievement,1,13
adept,1,13
agreeing,1,13
assistant,1,13
attendance,1,13
avoid,1,13
basics,1,13
behavior,1,13
charge,1,13
chartered,1,13
compelling,1,13
completeness,1,13
complexity,1,13
complies,1,13
computerized,1,13
consistency,1,13
consultancy,1,13
contributes,1,13
couple,1,13
exciting,1,13
expect,1,13
fully,1,13
generating,1,13
hi,1,13
http,1,13
hybris,1,13
indicators,1,13
ledgers,1,13
leverage,1,13
liaise,1,13
maven,1,13
mile,1,13
mutual,1,13
near,1,13
oops,1,13
outsourced,1,13
partnership,1,13
periodic,1,13
pg,1,13
play,1,13
prioritization,1,13
receivables,1,13
recruiter,1,13
recruiters,1,13
relational,1,13
responsive,1,13
scripts,1,13
see,1,13
seek,1,13
shared,1,13
steps,1,13
studying,1,13
takes,1,13
timeline,1,13
turn,1,13
86,1,12
assistance,1,12
bcom,1,12
bootstrap,1,12
brief,1,12
cant,1,12
collateral,1,12
collect,1,12
confident,1,12
confidentiality,1,12
convert,1,12
datascience,1,12
determination,1,12
documenting,1,12
entrepreneurial,1,12
error,1,12
example,1,12
extreme,1,12
filings,1,12
funding,1,12
globe,1,12
goal,1,12
grade,1,12
independent,1,12
last,1,12
licence,1,12
marks,1,12
migration,1,12
multinational,1,12
nec,1,12
numbers,1,12
optimal,1,12
optimizing,1,12
original,1,12
payslips,1,12
permanent,1,12
postgresql,1,12
presence,1,12
priority,1,12
professionalism,1,12
relating,1,12
relocate,1,12
schematics,1,12
shaping,1,12
specified,1,12
specs,1,12
suggestions,1,12
week,1,12
